ISBN/PID,TITLE,URL,PRICE
9709726315,Coastal Homes 2,http://www.flipkart.com/m/books/9709726315,Rs. 1168
0847825949,Saint-Exupery,http://www.flipkart.com/m/books/0847825949,Rs. 1298
8183331920,Design Patterns,http://www.flipkart.com/m/books/8183331920,Rs. 203
1561588628,The New Bungalow Kitchen,http://www.flipkart.com/m/books/1561588628,Rs. 779
1561588040,The New Outdoor Kitchen: Cooking Up A Kitchen For The Way You Live And Play,http://www.flipkart.com/m/books/1561588040,Rs. 779
160085009x,The New Outdoor Kitchen: Cooking Up A Kitchen For The Way You Live And Play,http://www.flipkart.com/m/books/160085009x,Rs. 807
9685336318,Mexican Interiors:Harmony & Contrast,http://www.flipkart.com/m/books/9685336318,Rs. 1037
1864703016,100 Dream Houses From Down Under,http://www.flipkart.com/m/books/1864703016,Rs. 1557
0794600115,Introduction To Indian Architecture,http://www.flipkart.com/m/books/0794600115,Rs. 648
8186767002,Charles Correa,http://www.flipkart.com/m/books/8186767002,Rs. 748
0500092680,Charles Correa,http://www.flipkart.com/m/books/0500092680,Rs. 1346
819105230x,Mega Modelz : Fashion Resource Book : Indian Fashion Directory,http://www.flipkart.com/m/books/819105230x,Rs. 450
0715336185,Fashion Illustration: Inspiration And Technique,http://www.flipkart.com/m/books/0715336185,Rs. 746
9380403113,Barefoot Across The Nation: M F Husain And The Idea Of India,http://www.flipkart.com/m/books/9380403113,Rs. 1463
0415585945,Barefoot Across The Nation: M F Husain And The Idea Of India,http://www.flipkart.com/m/books/0415585945,Rs. 5904
0262062666,101 Things I Learned In Architecture School,http://www.flipkart.com/m/books/0262062666,Rs. 504
813172459x,Patternmaking For Fashion Design And DVD Package,http://www.flipkart.com/m/books/813172459x,Rs. 544
1600611141,Cartoonimals: How To Draw Amazing Cartoon Animals,http://www.flipkart.com/m/books/1600611141,Rs. 188
9380658438,Anil Kumble Wide Angle: Candid Moments From My Playing Days,http://www.flipkart.com/m/books/9380658438,Rs. 419
0714834491,The Art Of Looking Sideways,http://www.flipkart.com/m/books/0714834491,Rs. 1842
8178061279,Drawing Portraits,http://www.flipkart.com/m/books/8178061279,Rs. 72
0395530075,The Natural Way To Draw: A Working Plan For Art Study,http://www.flipkart.com/m/books/0395530075,Rs. 623
1405339020,Digital Photographe'S Handbook,http://www.flipkart.com/m/books/1405339020,Rs. 899
0756643104,Digital Photographer's Handbook,http://www.flipkart.com/m/books/0756643104,Rs. 997
9381115459,Dear Mister Bollywood,http://www.flipkart.com/m/books/9381115459,Rs. 71
8129100150,BHUPEN HAZARIKA:The Roving Minstrel,http://www.flipkart.com/m/books/8129100150,Rs. 71
1741143896,Sometimes I Forgot To Laugh,http://www.flipkart.com/m/books/1741143896,Rs. 221
9350290583,Great Soul: Mahatma Gandhi And His Struggle With India,http://www.flipkart.com/m/books/9350290583,Rs. 419
0307269582,Great Soul: Mahatma Gandhi And His Struggle With India,http://www.flipkart.com/m/books/0307269582,Rs. 1142
0312577192,White House Diary,http://www.flipkart.com/m/books/0312577192,Rs. 488
0374280991,White House Diary,http://www.flipkart.com/m/books/0374280991,Rs. 1183
0143066897,C.V. Raman: A Biography,http://www.flipkart.com/m/books/0143066897,Rs. 298
0007428057,The Emperor Of All Maladies: A Biography Of Cancer,http://www.flipkart.com/m/books/0007428057,Rs. 324
0007250916,The Emperor Of All Maladies: A Biography Of Cancer,http://www.flipkart.com/m/books/0007250916,Rs. 1599
0007367481,The Emperor Of All Maladies : A Biography Of Cancer,http://www.flipkart.com/m/books/0007367481,Rs. 1067
1439107955,The Emperor Of All Maladies: A Biography Of Cancer,http://www.flipkart.com/m/books/1439107955,Rs. 1183
1439170916,The Emperor Of All Maladies: A Biography Of Cancer,http://www.flipkart.com/m/books/1439170916,Rs. 710
0451151712,Made In Japan : Akio Morita & Sony (Sign,http://www.flipkart.com/m/books/0451151712,Rs. 218
0670920665,One Click: Jeff Bezos And The Rise Of Amazon.com,http://www.flipkart.com/m/books/0670920665,Rs. 324
1591843758,One Click: Jeff Bezos And The Rise Of Amazon.com,http://www.flipkart.com/m/books/1591843758,Rs. 1024
0143416901,Songs Of Blood And Sword: A Daughter’s Memoir,http://www.flipkart.com/m/books/0143416901,Rs. 374
0224087533,Songs Of Blood And Sword: A Daughter's Memoir,http://www.flipkart.com/m/books/0224087533,Rs. 1975
1846042429,My Spiritual Autobiography,http://www.flipkart.com/m/books/1846042429,Rs. 244
1846042410,My Spiritual Autobiography,http://www.flipkart.com/m/books/1846042410,Rs. 383
0230759939,Nelson Mandela By Himself,http://www.flipkart.com/m/books/0230759939,Rs. 419
8174368191,Dream Chasing,http://www.flipkart.com/m/books/8174368191,Rs. 188
8129111373,It Happened In India,http://www.flipkart.com/m/books/8129111373,Rs. 137
0670084212,His Majesty’s Opponent: Subhas Chandra Bose And India’s Struggle Against Empire,http://www.flipkart.com/m/books/0670084212,Rs. 454
1439176191,In My Time: A Personal And Political Memoir,http://www.flipkart.com/m/books/1439176191,Rs. 674
0674047540,His Majesty's Opponent: Subhas Chandra Bose And India's Struggle Against Empire,http://www.flipkart.com/m/books/0674047540,Rs. 1381
